{
  "parent": "item/handheld",
  "textures": {
    "layer0": "kanohimc:items/tool_ice_shield"
  },
    "display": {
        "thirdperson_righthand": {
            "rotation": [ 0, 90, 0 ],
            "translation": [ 2.5, -2, 3 ],
            "scale": [ 1.2, 1.2, 1 ]
        },
        "thirdperson_lefthand": {
            "rotation": [ 0, 90, 0 ],
            "translation": [ 2.5, -2, 3 ],
            "scale": [ 1.2, 1.2, 1 ]
        },
        "firstperson_righthand": {
            "rotation": [ 9, 1, -4 ],
            "translation": [ 0, -8, -3 ],
            "scale": [ 1.6, 1.6, 1.1 ]
        },
        "firstperson_lefthand": {
            "rotation": [ 9, 1, -4 ],
            "translation": [ 0, -8, -3 ],
            "scale": [ 1.6, 1.6, 1.1 ]
        },
        "gui": {
            "rotation": [ 0, 0, -0 ],
            "translation": [ 0, 0, -10 ],
            "scale": [ 1, 1, 1 ]
        },
        "fixed": {
            "rotation": [ 0, 0, 0 ],
            "translation": [ 0, 0, 0 ],
            "scale": [ 1.4, 1.4, 1.0 ]
        },
        "ground": {
            "rotation": [ 0, 0, 0 ],
            "translation": [ 0, 2, 0],
            "scale":[ 1, 1, 0.5 ]
        }
    }
}